{"cameraMode":{"drawMode":0,"name":"Shaded","section":"Shading Mode"},"sceneLighting":true,"audioPlay":false,"sceneViewState":{"showFog":true,"showMaterialUpdate":false,"showSkybox":true,"showFlares":true,"showImageEffects":true,"showParticleSystems":true},"in2DMode":false,"pivot":{"x":0.20231175422668458,"y":0.18550848960876466,"z":-0.754633903503418},"rotation":{"x":-0.2665777802467346,"y":0.1799740046262741,"z":-0.05074254423379898,"w":-0.9455026388168335},"size":3.719184398651123,"orthographic":false}